"","B_Name","R_Name","total_blue_strikes","total_red_strikes","winner","winby"
"1","Marvin Vettori","Antonio Carlos Junior",10,137,"red","DEC"
"2","Takanori Gomi","Joe Lauzon",116,53,"red","KO/TKO"
"3","Brandon Moreno","Louis Smolka",0,365,"blue","SUB"
"4","Elizabeth Phillips","Raquel Pennington",141,243,"red","DEC"
"5","Reza Madadi","Norman Parke",0,139,"red","DEC"
"6","Shane Campbell","James Krause",69,177,"red","DEC"
"7","Johnny Case","Kazuki Tokudome",0,31,"blue","SUB"
"8","Justin Edwards","Joe Proctor",25,107,"red","SUB"
"9","Viscardi Andrade","Richard Walsh",102,233,"blue","DEC"
"10","Misha Cirkunov","Nikita Krylov",100,118,"blue","SUB"
"11","Ruslan Magomedov","Shawn Jordan",110,70,"blue","DEC"
"12","Eddie Alvarez","Gilbert Melendez",48,27,"blue","DEC"
"13","Gavin Tucker","Sam Sicilia",0,128,"blue","DEC"
"14","KJ Noons","Joshua Burkman",32,45,"red","DEC"
"15","Joe Proctor","Justin Salas",67,20,"blue","KO/TKO"
"16","Dan Henderson","Vitor Belfort",45,18,"red","KO/TKO"
"17","Jason Knight","Dan Hooker",104,24,"blue","DEC"
"18","Darrell Horcher","Khabib Nurmagomedov",0,36,"red","KO/TKO"
"19","Angela Hill","Rose Namajunas",27,28,"red","SUB"
"20","Bryan Barberena","Sage Northcutt",157,29,"blue","SUB"
"21","John Dodson","John Lineker",82,332,"red","DEC"
"22","Max Griffin","Colby Covington",0,81,"red","KO/TKO"
"23","Conor McGregor","Chad Mendes",91,78,"blue","KO/TKO"
"24","Alex Morono","James Moontasri",43,96,"blue","DEC"
"25","Sarah Moras","Jessica Andrade",15,85,"red","DEC"
"26","Valmir Lazaro","James Krause",91,80,"blue","DEC"
"27","Andre Fili","Felipe Arantes",73,39,"blue","DEC"
"28","Hans Stringer","Fabio Maldonado",44,134,"red","KO/TKO"
"29","Patrick Williams","Alejandro Perez",20,38,"blue","SUB"
"30","Diego Ferreira","Dustin Poirier",53,55,"red","KO/TKO"
"31","Lucie Pudilova","Lina Lansberg",0,14,"red","DEC"
"32","Leandro Issa","Jumabieke Tuerxun",17,12,"blue","SUB"
"33","Zach Makovsky","Joseph Benavidez",48,205,"red","DEC"
"34","Antonio Dos Santos","Daniel Sarafian",0,3,"red","KO/TKO"
"35","Drew Dober","Olivier Aubin-Mercier",132,221,"red","SUB"
"36","Takeya Mizugaki","Cody Garbrandt",120,96,"red","KO/TKO"
"37","Francimar Barroso","Darren Stewart",161,7,"blue","DEC"
"38","Josh Koscheck","Erick Silva",7,45,"red","SUB"
"39","Jonathan Meunier","Colby Covington",0,62,"red","SUB"
"40","Thibault Gouti","Olivier Aubin-Mercier",0,177,"red","SUB"
"41","Chad Laprise","Ross Pearson",198,177,"red","DEC"
"42","Danny Castillo","Jim Miller",60,50,"red","DEC"
"43","Dan Henderson","Tim Boetsch",33,41,"blue","KO/TKO"
"44","Andy Enz","Thiago Santos",111,51,"red","KO/TKO"
"45","Mike Rhodes","Robert Whittaker",51,19,"red","DEC"
"46","Chris Kelades","Patrick Holohan",0,10,"blue","DEC"
"47","Paul Felder","Ross Pearson",131,87,"red","DEC"
"48","Ovince Saint Preux","Mauricio Rua",26,48,"blue","KO/TKO"
"49","Alberto Mina","Mike Pyle",103,149,"blue","KO/TKO"
"50","Sean O'Connell","Gian Villante",15,33,"red","DEC"
"51","Travis Browne","Derrick Lewis",170,192,"red","KO/TKO"
"52","Mike de la Torre","Maximo Blanco",79,104,"red","KO/TKO"
"53","Rick Glenn","Evan Dunham",0,315,"red","DEC"
"54","Derek Brunson","Anderson Silva",137,121,"red","DEC"
"55","Ben Rothwell","Alistair Overeem",0,62,"blue","KO/TKO"
"56","Yancy Medeiros","John Makdessi",72,180,"blue","DEC"
"57","Luke Barnatt","Mark Munoz",123,3,"red","DEC"
"58","John Lineker","Michael McDonald",306,5,"blue","KO/TKO"
"59","Josh Copeland","Ruslan Magomedov",0,47,"red","DEC"
"60","Jorge Masvidal","Benson Henderson",284,204,"red","DEC"
"61","Julianna Pena","Valentina Shevchenko",83,105,"red","SUB"
"62","Hacran Dias","Ricardo Lamas",0,26,"red","DEC"
"63","Cortney Casey","Randa Markos",154,193,"blue","SUB"
"64","Nick Hein","James Vick",50,77,"red","DEC"
"65","Joanne Calderwood","Jessica Andrade",325,293,"red","SUB"
"66","Zak Cummings","Gunnar Nelson",28,16,"red","SUB"
"67","Ion Cutelaba","Jonathan Wilson",24,70,"blue","DEC"
"68","Dennis Bermudez","Ricardo Lamas",102,59,"red","SUB"
"69","Colby Covington","An Ying Wang",0,13,"blue","SUB"
"70","Jorge de Oliveira","Dhiego Lima",0,5,"red","DEC"
"71","Tony Sims","Olivier Aubin-Mercier",10,125,"red","DEC"
"72","Jeremy Stephens","Renan Barao",166,180,"blue","DEC"
"73","Jarjis Danho","Daniel Omielanczuk",0,61,"red","DEC"
"74","Soa Palelei","Antonio Silva",40,7,"red","KO/TKO"
"75","Omari Akhmedov","Elizeu Zaleski dos Santos",120,57,"red","KO/TKO"
"76","Tarec Saffiedine","Rory MacDonald",75,124,"red","KO/TKO"
"77","Sean Spencer","Cathal Pendred",121,66,"red","DEC"
"78","Alex Oliveira","Gilbert Burns",0,69,"red","SUB"
"79","Claudia Gadelha","Joanna Jedrzejczyk",208,391,"red","DEC"
"80","Gregor Gillespie","Glaico Franca",0,59,"blue","DEC"
"81","Willie Gates","Ulka Sasaki",54,29,"red","SUB"
"82","Frankie Edgar","Jose Aldo",190,135,"red","DEC"
"83","Kamaru Usman","Warlley Alves",104,164,"blue","DEC"
"84","Chico Camus","Henry Cejudo",108,122,"red","DEC"
"85","Yoel Romero","Brad Tavares",60,45,"blue","DEC"
"86","Augusto Mendes","Aljamain Sterling",53,247,"red","DEC"
"87","Eddie Alvarez","Anthony Pettis",79,64,"blue","DEC"
"88","Albert Tumenov","Alan Jouban",129,167,"blue","KO/TKO"
"89","Ning Guangyou","Marlon Vera",0,48,"red","DEC"
"90","Devin Clark","Josh Stansbury",14,61,"blue","DEC"
"91","Dominique Steele","Zak Cummings",0,46,"red","KO/TKO"
"92","Takenori Sato","Hyun Gyu Lim",0,59,"red","KO/TKO"
"93","Matt Brown","Donald Cerrone",183,443,"red","KO/TKO"
"94","Magomed Mustafaev","Kevin Lee",36,257,"red","SUB"
"95","Frankie Perez","Sam Stout",16,28,"blue","KO/TKO"
"96","Gasan Umalatov","Viscardi Andrade",96,24,"red","DEC"
"97","Derek Brunson","Lorenz Larkin",38,55,"blue","DEC"
"98","Albert Tumenov","Lorenz Larkin",148,168,"blue","DEC"
"99","Anthony Hamilton","Daniel Omielanczuk",62,10,"blue","DEC"
"100","Kevin Casey","Rafael Natal",41,183,"red","KO/TKO"
"101","Masanori Kanehara","Alex Caceres",0,73,"blue","DEC"
"102","Jim Miller","Joe Lauzon",110,132,"blue","DEC"
"103","Kelvin Gastelum","Vitor Belfort",450,36,"blue","KO/TKO"
"104","Alessandro Ricci","Paul Felder",28,311,"red","KO/TKO"
"105","Takeya Mizugaki","Eddie Wineland",124,154,"red","KO/TKO"
"106","Jason Novelli","Polo Reyes",8,135,"red","DEC"
"107","Aljamain Sterling","Hugo Viana",46,79,"blue","KO/TKO"
"108","Charles Oliveira","Will Brooks",111,96,"blue","SUB"
"109","Magomed Bibulatov","Jenel Lausa",0,56,"blue","DEC"
"110","Trevor Smith","Caio Magalhaes",102,16,"red","KO/TKO"
"111","Brendan O'Reilly","Lipeng Zhang",0,10,"red","DEC"
"112","Henry Cejudo","Demetrious Johnson",227,196,"red","KO/TKO"
"113","Thiago Santos","Jack Marshman",149,42,"blue","KO/TKO"
"114","Scott Jorgensen","Alejandro Perez",88,38,"red","KO/TKO"
"115","Thomas Almeida","Brad Pickett",151,124,"blue","KO/TKO"
"116","Nicolas Dalby","Peter Sobotta",98,55,"red","DEC"
"117","Damian Grabowski","Derrick Lewis",0,129,"red","KO/TKO"
"118","Rodrigo Damm","Al Iaquinta",68,62,"red","KO/TKO"
"119","Krzysztof Jotko","Scott Askham",58,42,"blue","DEC"
"120","Drew Dober","Efrain Escudero",76,137,"red","SUB"
"121","Mitch Clarke","Michael Chiesa",8,49,"red","DEC"
"122","Diego Ferreira","Ramsey Nijem",7,80,"blue","KO/TKO"
"123","Jake Collier","Devin Clark",64,61,"red","DEC"
"124","Louis Smolka","Neil Seery",201,163,"blue","DEC"
"125","Cain Carrizosa","Leonardo Mafra",0,11,"red","DEC"
"126","Matthew Lopez","Mitch Gagnon",14,105,"blue","DEC"
"127","Paul Felder","Jason Saggo",0,10,"blue","DEC"
"128","Leslie Smith","Jessamyn Duke",79,62,"blue","KO/TKO"
"129","Francisco Trinaldo","Ross Pearson",226,149,"blue","DEC"
"130","Jimi Manuwa","Ovince Saint Preux",64,173,"blue","KO/TKO"
"131","Josh Barnett","Andrei Arlovski",82,138,"blue","SUB"
"132","Albert Tumenov","Leon Edwards",247,122,"red","SUB"
"133","Max Holloway","Cub Swanson",356,85,"blue","SUB"
"134","Josh Koscheck","Jake Ellenberger",0,39,"red","SUB"
"135","Daron Cruickshank","Erik Koch",46,19,"blue","KO/TKO"
"136","Joe Soto","Rani Yahya",166,90,"blue","DEC"
"137","Steve Bosse","Thiago Santos",0,71,"red","KO/TKO"
"138","Michael Chiesa","Jim Miller",108,95,"blue","SUB"
"139","Jimmie Rivera","Urijah Faber",156,171,"blue","DEC"
"140","Mehdi Baghdad","John Makdessi",1,294,"red","DEC"
"141","Cezar Ferreira","Jorge Masvidal",36,272,"red","KO/TKO"
"142","Beneil Dariush","Edson Barboza",338,357,"red","KO/TKO"
"143","Robbie Lawler","Johny Hendricks",145,90,"blue","DEC"
"144","Ericka Almeida","Aisling Daly",13,43,"red","DEC"
"145","Sarah Kaufman","Alexis Davis",202,55,"red","SUB"
"146","Ali Bagautinov","Joseph Benavidez",71,157,"red","DEC"
"147","Evan Dunham","Edson Barboza",0,28,"red","KO/TKO"
"148","Russell Doane","Iuri Alcantara",67,47,"red","DEC"
"149","Oluwale Bamgbose","Daniel Sarafian",7,27,"blue","KO/TKO"
"150","Hector Urbina","Vicente Luque",14,53,"red","KO/TKO"
"151","Brandon Thatch","Benson Henderson",0,162,"red","SUB"
"152","Felipe Arantes","Yves Jabouin",68,113,"blue","SUB"
"153","Anthony Birchak","Joe Soto",4,45,"blue","KO/TKO"
"154","Ernest Chavez","Elias Silverio",28,81,"red","SUB"
"155","Alex Nicholson","Sam Alvey",34,187,"red","DEC"
"156","Lauren Murphy","Liz Carmouche",48,18,"red","DEC"
"157","Alexander Volkanovski","Yusuke Kasuya",0,44,"blue","KO/TKO"
"158","Alan Jouban","Brendan O'Reilly",184,57,"blue","KO/TKO"
"159","Neil Seery","Kyoji Horiguchi",222,240,"red","DEC"
"160","Joshua Burkman","Patrick Cote",0,107,"red","KO/TKO"
"161","Neil Magny","Johny Hendricks",467,278,"blue","DEC"
"162","Curtis Blaydes","Cody East",24,26,"blue","KO/TKO"
"163","Thales Leites","Gegard Mousasi",89,150,"red","DEC"
"164","Jordan Rinaldi","Abel Trujillo",0,37,"red","DEC"
"165","Louis Smolka","Richie Vaculik",134,27,"blue","KO/TKO"
"166","Jessica Eye","Miesha Tate",127,105,"red","DEC"
"167","JC Cottrell","Michel Prazeres",0,53,"red","DEC"
"168","Teruto Ishihara","Julian Erosa",0,61,"blue","KO/TKO"
"169","Sergio Moraes","Omari Akhmedov",51,85,"blue","KO/TKO"
"170","Roger Narvaez","Patrick Cummins",0,8,"red","KO/TKO"
"171","Manvel Gamburyan","Johnny Eduardo",81,15,"red","KO/TKO"
"172","Stefan Struve","Alistair Overeem",0,82,"red","KO/TKO"
"173","Shayna Baszler","Bethe Correia",0,114,"red","KO/TKO"
"174","Jimmie Rivera","Pedro Munhoz",15,26,"blue","DEC"
"175","Sirwan Kakai","Danny Martinez",0,80,"blue","DEC"
"176","Irene Aldana","Katlyn Chookagian",108,67,"red","DEC"
"177","Matt Mitrione","Travis Browne",43,76,"red","KO/TKO"
"178","Lina Lansberg","Cris Cyborg",0,26,"red","KO/TKO"
"179","Tim Boetsch","Rafael Natal",109,299,"blue","KO/TKO"
"180","Costas Philippou","Gegard Mousasi",19,77,"red","DEC"
"181","Sean Spencer","Mike Pyle",173,74,"red","KO/TKO"
"182","Michael Graves","Randy Brown",27,48,"blue","SUB"
"183","Evan Dunham","Joe Lauzon",188,68,"blue","DEC"
"184","Cody Gibson","Douglas Silva de Andrade",70,27,"red","DEC"
"185","Guido Cannetti","Hugo Viana",35,94,"blue","DEC"
"186","Francis Ngannou","Andrei Arlovski",45,176,"blue","KO/TKO"
"187","Tecia Torres","Rose Namajunas",205,41,"red","DEC"
"188","Nordine Taleb","Erick Silva",101,88,"blue","KO/TKO"
"189","Matt Dwyer","Alan Jouban",13,116,"red","DEC"
"190","Ben Saunders","Patrick Cote",106,167,"red","KO/TKO"
"191","Julianna Pena","Cat Zingano",71,40,"blue","DEC"
"192","Dashon Johnson","Godofredo Pepey",11,5,"red","SUB"
"193","Joshua Burkman","Michel Prazeres",189,168,"red","SUB"
"194","Karolina Kowalkiewicz","Rose Namajunas",185,87,"blue","DEC"
"195","Danny Martinez","Scott Jorgensen",33,6,"red","DEC"
"196","Gleison Tibau","Tony Ferguson",112,81,"red","SUB"
"197","Patrick Cummins","Ovince Saint Preux",175,34,"red","KO/TKO"
"198","Amanda Nunes","Sara McMann",37,85,"blue","SUB"
"199","Keita Nakamura","Tom Breese",0,23,"red","DEC"
"200","Julianna Pena","Jessica Eye",37,183,"blue","DEC"
"201","Matt Brown","Johny Hendricks",118,165,"red","DEC"
"202","Tony Martin","Beneil Dariush",0,18,"red","SUB"
"203","Nate Marquardt","CB Dollaway",65,103,"blue","KO/TKO"
"204","Bryan Barberena","Chad Laprise",63,106,"red","DEC"
"205","Paul Redmond","Mirsad Bektic",0,27,"red","DEC"
"206","Cyril Asker","Dmitrii Smoliakov",13,14,"blue","KO/TKO"
"207","George Sullivan","Igor Araujo",61,12,"blue","KO/TKO"
"208","Chris Avila","Enrique Barzola",42,93,"red","DEC"
"209","Mike de la Torre","Myles Jury",133,30,"red","KO/TKO"
"210","Cub Swanson","Frankie Edgar",62,90,"red","SUB"
"211","Aljamain Sterling","Raphael Assuncao",195,124,"red","DEC"
"212","Masio Fullen","Alex Caceres",41,97,"red","DEC"
"213","Kailin Curran","Felice Herrig",102,8,"red","SUB"
"214","Joe Gigliotti","Trevor Smith",0,155,"red","DEC"
"215","Diego Ferreira","Olivier Aubin-Mercier",73,128,"blue","DEC"
"216","Anthony Hamilton","Francis Ngannou",154,44,"red","SUB"
"217","Stephen Thompson","Jake Ellenberger",102,54,"blue","KO/TKO"
"218","Chad Mendes","Jose Aldo",0,58,"red","DEC"
"219","Yoel Romero","Lyoto Machida",130,67,"blue","KO/TKO"
"220","Roy Nelson","Alexander Volkov",182,45,"red","DEC"
"221","Magomed Mustafaev","Joe Proctor",18,174,"blue","KO/TKO"
"222","Augusto Mendes","Frankie Saenz",11,235,"blue","DEC"
"223","James Vick","Jake Matthews",117,86,"blue","SUB"
"224","Yancy Medeiros","Joe Proctor",41,92,"blue","SUB"
"225","Jorge Masvidal","Ross Pearson",386,283,"blue","DEC"
"226","Chris Kelades","Sergio Pettis",104,257,"red","DEC"
"227","Michel Prazeres","Valmir Lazaro",33,178,"blue","DEC"
"228","Tim Elliott","Demetrious Johnson",0,217,"red","DEC"
"229","Antonio Braga Neto","Clint Hester",0,72,"red","DEC"
"230","Guilherme Vasconcelos","Luke Zachrich",0,3,"red","DEC"
"231","Tony Ferguson","Rafael Dos Anjos",302,255,"blue","DEC"
"232","Kiichi Kunimoto","Neil Magny",53,234,"red","SUB"
"233","Tyron Woodley","Rory MacDonald",14,75,"red","DEC"
"234","Marcus Brimage","Jumabieke Tuerxun",27,45,"blue","KO/TKO"
"235","Tony Ferguson","Josh Thomson",92,54,"blue","DEC"
"236","Makwan Amirkhani","Arnold Allen",38,31,"red","DEC"
"237","Daniel Cormier","Jon Jones",68,106,"red","DEC"
"238","Manvel Gamburyan","Scott Jorgensen",39,52,"blue","DEC"
"239","Shayna Baszler","Amanda Nunes",8,22,"red","KO/TKO"
"240","Zubaira Tukhugov","Renato Moicano",96,48,"red","DEC"
"241","Yoel Romero","Chris Weidman",218,124,"blue","KO/TKO"
"242","Carlos Condit","Demian Maia",155,131,"red","SUB"
"243","Vaughan Lee","Paddy Holohan",146,78,"red","DEC"
"244","Ulka Sasaki","Wilson Reis",36,138,"red","DEC"
"245","Brian Ortega","Thiago Tavares",3,18,"blue","KO/TKO"
"246","Felipe Silva","Shane Campbell",0,167,"blue","KO/TKO"
"247","Ian McCall","Brad Pickett",0,49,"blue","DEC"
"248","Michinori Tanaka","Rani Yahya",100,80,"red","DEC"
"249","Rob Font","John Lineker",12,226,"red","DEC"
"250","JC Cottrell","Jason Gonzalez",14,10,"red","SUB"
"251","Milana Dudieva","Elizabeth Phillips",0,67,"blue","DEC"
"252","Jan Blachowicz","Alexander Gustafsson",175,96,"red","DEC"
"253","Corey Anderson","Mauricio Rua",84,49,"red","DEC"
"254","Cortney Casey","Joanne Calderwood",0,120,"red","DEC"
"255","Valentina Shevchenko","Holly Holm",60,110,"blue","DEC"
"256","Vitor Belfort","Jacare Souza",24,84,"red","KO/TKO"
"257","Marc Diakiese","Frankie Perez",48,28,"blue","DEC"
"258","Shane Howell","Paddy Holohan",0,36,"red","DEC"
"259","Tim Boetsch","Luke Rockhold",0,12,"red","SUB"
"260","Justin Jones","Ron Stallings",0,10,"red","DEC"
"261","Lukasz Sajewski","Nick Hein",0,75,"red","DEC"
"262","Valerie Letourneau","Maryna Moroz",142,12,"blue","DEC"
"263","Ryan Hall","Gray Maynard",23,66,"blue","DEC"
"264","Heather Jo Clark","Karolina Kowalkiewicz",0,66,"red","DEC"
"265","Colby Covington","Wagner Silva",11,17,"blue","SUB"
"266","Johnny Case","Yan Cabral",112,34,"blue","DEC"
"267","Cody Pfister","Scott Holtzman",32,109,"red","DEC"
"268","Belal Muhammad","Alan Jouban",0,216,"red","DEC"
"269","Paul Felder","Joshua Burkman",237,102,"blue","DEC"
"270","Maryna Moroz","Joanne Calderwood",0,109,"blue","SUB"
"271","Bruno Santos","Elias Theodorou",25,73,"red","DEC"
"272","Conor McGregor","Jose Aldo",137,134,"blue","KO/TKO"
"273","Anderson Silva","Daniel Cormier",104,220,"red","DEC"
"274","Vik Grujic","Chris Indich",4,12,"blue","KO/TKO"
"275","Tom Niinimaki","Chas Skelly",7,19,"red","SUB"
"276","Michael Bisping","Anderson Silva",241,67,"blue","DEC"
"277","Konstantin Erokhin","Gabriel Gonzaga",17,54,"red","DEC"
"278","Evan Dunham","Ross Pearson",162,71,"blue","DEC"
"279","Charles Oliveira","Max Holloway",47,438,"red","KO/TKO"
"280","Antonio Silva","Mark Hunt",23,74,"red","KO/TKO"
"281","Ryan Benoit","Sergio Pettis",0,181,"blue","KO/TKO"
"282","Andreas Stahl","Santiago Ponzinibbio",60,33,"red","KO/TKO"
"283","Rafael Natal","Uriah Hall",138,69,"blue","DEC"
"284","Elvis Mutapcic","Kevin Casey",38,57,"draw",""
"285","Ulka Sasaki","Leandro Issa",5,61,"red","SUB"
"286","Mike Rhodes","Erick Silva",98,43,"red","SUB"
"287","Ray Borg","Louis Smolka",79,372,"blue","DEC"
"288","Rob Whiteford","Darren Elkins",46,105,"red","DEC"
"289","Richard Walsh","Alan Jouban",130,104,"red","KO/TKO"
"290","Hacran Dias","Cub Swanson",78,141,"red","DEC"
"291","Jason Novelli","David Teymur",0,38,"red","KO/TKO"
"292","Rashad Evans","Glover Teixeira",25,179,"red","KO/TKO"
"293","Joe Soto","Marco Beltran",164,20,"blue","SUB"
"294","Mark Eddiva","Dan Hooker",135,19,"red","SUB"
"295","Ron Stallings","Uriah Hall",0,42,"red","KO/TKO"
"296","Jeremy Kennedy","Rony Jason",27,47,"blue","DEC"
"297","Clint Hester","Vitor Miranda",140,35,"red","KO/TKO"
"298","Christian Colombo","Luis Henrique",76,20,"red","SUB"
"299","Angela Hill","Jessica Andrade",39,313,"red","DEC"
"300","Rustam Khabilov","Jason Saggo",159,107,"blue","DEC"
"301","Uriah Hall","Gegard Mousasi",187,309,"red","KO/TKO"
"302","Derek Brunson","Ed Herman",50,51,"blue","KO/TKO"
"303","Peter Sobotta","Kyle Noke",53,50,"red","KO/TKO"
"304","Scott Holtzman","Josh Emmett",162,54,"red","DEC"
"305","Stephen Thompson","Tyron Woodley",210,114,"red","DEC"
"306","Bryan Caraway","Aljamain Sterling",107,163,"blue","DEC"
"307","Nordine Taleb","Warlley Alves",84,66,"red","SUB"
"308","Will Brooks","Ross Pearson",0,229,"blue","DEC"
"309","Nina Ansaroff","Jocelyn Jones-Lybarger",115,108,"blue","SUB"
"310","Fredy Serrano","Ryan Benoit",0,29,"red","DEC"
"311","Rory MacDonald","Robbie Lawler",171,200,"red","KO/TKO"
"312","Thiago Santos","Gegard Mousasi",142,231,"red","KO/TKO"
"313","Jack May","Shawn Jordan",5,15,"red","KO/TKO"
"314","Kelvin Gastelum","Jake Ellenberger",126,29,"blue","SUB"
"315","Islam Makhachev","Chris Wade",36,109,"blue","DEC"
"316","Sean Strickland","Kamaru Usman",296,175,"red","DEC"
"317","Caio Magalhaes","Josh Samman",25,11,"red","SUB"
"318","Leandro Silva","Jason Saggo",118,59,"red","DEC"
"319","Leandro Silva","Efrain Escudero",83,138,"blue","DEC"
"320","Tamdan McCrory","Nate Marquardt",41,88,"red","KO/TKO"
"321","Gleison Tibau","Norman Parke",74,71,"blue","DEC"
"322","Chris Clements","Vik Grujic",0,19,"blue","KO/TKO"
"323","Andrei Arlovski","Travis Browne",25,61,"blue","KO/TKO"
"324","Angela Hill","Tecia Torres",0,96,"red","DEC"
"325","Vicente Luque","Leon Edwards",73,138,"red","DEC"
"326","Lando Vannata","Tony Ferguson",0,236,"red","SUB"
"327","Ilir Latifi","Ryan Bader",57,97,"red","KO/TKO"
"328","Geane Herrera","Ray Borg",0,33,"red","DEC"
"329","Cody Gibson","Manvel Gamburyan",21,28,"red","SUB"
"330","Zak Ottow","Joshua Burkman",0,142,"blue","DEC"
"331","Chris Camozzi","Daniel Kelly",265,100,"red","DEC"
"332","Joanna Jedrzejczyk","Claudia Gadelha",64,70,"blue","DEC"
"333","Tarec Saffiedine","Dong Hyun Kim",203,35,"red","DEC"
"334","Andre Fili","Godofredo Pepey",115,13,"red","SUB"
"335","Phil Harris","Neil Seery",3,47,"red","DEC"
"336","Yaotzin Meza","Sam Sicilia",72,97,"red","DEC"
"337","Corey Anderson","Jimi Manuwa",205,96,"red","KO/TKO"
"338","Clay Collard","Max Holloway",0,144,"red","KO/TKO"
"339","Scott Askham","Bradley Scott",98,128,"red","DEC"
"340","Anthony Birchak","Thomas Almeida",20,175,"red","KO/TKO"
"341","Jerrod Sanders","Russell Doane",3,81,"blue","DEC"
"342","John Moraga","Joseph Benavidez",111,94,"red","DEC"
"343","Francisco Trinaldo","Chad Laprise",209,190,"blue","KO/TKO"
"344","Jimmie Rivera","Marcus Brimage",0,32,"blue","KO/TKO"
"345","Alex Caceres","Urijah Faber",53,8,"red","SUB"
"346","Ben Saunders","Court McGee",117,108,"blue","DEC"
"347","Chris Wade","Rustam Khabilov",84,85,"red","DEC"
"348","Mark Godbeer","Justin Ledet",0,113,"red","SUB"
"349","Daniel Spitz","Mark Godbeer",0,5,"red","DEC"
"350","Magomed Mustafaev","Piotr Hallmann",0,108,"blue","KO/TKO"
"351","Leslie Smith","Jessica Eye",115,47,"red","KO/TKO"
"352","Renan Barao","TJ Dillashaw",122,306,"red","KO/TKO"
"353","Belal Muhammad","Augusto Montano",77,51,"blue","KO/TKO"
"354","Damien Brown","Alan Patrick",0,40,"red","DEC"
"355","Geane Herrera","Joby Sanchez",7,78,"blue","KO/TKO"
"356","Tim Johnson","Daniel Omielanczuk",88,178,"blue","DEC"
"357","Efrain Escudero","Leonardo Santos",0,26,"red",""
"358","John Lineker","Ian McCall",160,56,"blue","DEC"
"359","Juan Puig","Adriano Martins",0,13,"red","KO/TKO"
"360","Diego Rivas","Noad Lahat",15,112,"blue","KO/TKO"
"361","Daniel Kelly","Rashad Evans",139,32,"blue","DEC"
"362","Tamdan McCrory","Josh Samman",0,23,"blue","SUB"
"363","Alexander Yakovlev","Demian Maia",0,51,"red","DEC"
"364","Alex Caceres","Cole Miller",171,97,"blue","DEC"
"365","Antonio Silva","Roy Nelson",32,146,"red","KO/TKO"
"366","Eddie Wineland","Frankie Saenz",112,190,"blue","KO/TKO"
"367","Bec Rawlings","Tecia Torres",119,266,"red","DEC"
"368","Yosdenis Cedeno","Chad Laprise",39,71,"red","DEC"
"369","Viktor Pesta","Derrick Lewis",61,88,"red","KO/TKO"
"370","James Vick","Abel Trujillo",230,72,"blue","SUB"
"371","Nathan Coy","Zak Cummings",48,175,"red","SUB"
"372","Vitor Belfort","Chris Weidman",0,33,"red","KO/TKO"
"373","Mike Pierce","Ryan LaFlare",0,71,"red","DEC"
"374","Tae Hyun Bang","Nick Hein",12,175,"red","DEC"
"375","Henry Cejudo","Chris Cariaso",72,143,"blue","DEC"
"376","Kelvin Gastelum","Neil Magny",233,421,"red","DEC"
"377","Kevin Lee","Efrain Escudero",169,162,"blue","DEC"
"378","Andrew Sanchez","Anthony Smith",105,81,"red","KO/TKO"
"379","Alistair Overeem","Junior Dos Santos",161,57,"blue","KO/TKO"
"380","Makwan Amirkhani","Mike Wilkinson",6,6,"blue","DEC"
"381","Andrei Arlovski","Alistair Overeem",122,193,"red","KO/TKO"
"382","Bryan Caraway","Eddie Wineland",46,60,"blue","DEC"
"383","Teemu Packalen","Mickael Lebout",0,47,"red","DEC"
"384","Neil Magny","Demian Maia",353,101,"red","SUB"
"385","Pearl Gonzalez","Cynthia Calvillo",0,13,"red","SUB"
"386","Tim Means","Dhiego Lima",158,75,"blue","KO/TKO"
"387","Mehdi Baghdad","Chris Wade",0,79,"red","SUB"
"388","Danielle Taylor","Seohee Ham",17,221,"blue","DEC"
"389","Anthony Smith","Elvis Mutapcic",33,102,"blue","KO/TKO"
"390","Marvin Vettori","Alberto Uda",0,15,"blue","SUB"
"391","Jonathan Meunier","Richard Walsh",16,279,"blue","DEC"
"392","Johnny Bedford","Rani Yahya",11,3,"red","SUB"
"393","Tim Boetsch","Jacare Souza",123,123,"red","SUB"
"394","Elias Silverio","Shane Campbell",146,25,"red","DEC"
"395","Elvis Mutapcic","Francimar Barroso",0,82,"red","DEC"
"396","Omari Akhmedov","Brian Ebersole",70,49,"blue","KO/TKO"
"397","Saparbeg Safarov","Gian Villante",0,199,"red","KO/TKO"
"398","Michelle Waterson","Paige VanZant",47,25,"blue","SUB"
"399","Michinori Tanaka","Joe Soto",43,46,"blue","DEC"
"400","Mark Hunt","Alistair Overeem",107,225,"red","KO/TKO"
"401","Michael Chiesa","Beneil Dariush",121,205,"blue","SUB"
"402","Jessica Penne","Joanna Jedrzejczyk",39,155,"red","KO/TKO"
"403","Charles Oliveira","Ricardo Lamas",98,145,"red","SUB"
"404","Michael Bisping","Luke Rockhold",303,171,"blue","KO/TKO"
"405","Phillipe Nover","Rick Glenn",59,58,"red","DEC"
"406","Belal Muhammad","Randy Brown",146,112,"blue","DEC"
"407","Katlyn Chookagian","Liz Carmouche",45,56,"red","DEC"
"408","Clay Collard","Gabriel Benitez",130,23,"red","DEC"
"409","Ilir Latifi","Gian Villante",27,176,"blue","DEC"
"410","Enrique Marin","Sage Northcutt",27,47,"red","DEC"
"411","Cat Zingano","Ronda Rousey",40,28,"red","SUB"
"412","Andrew Holbrook","Joaquim Silva",20,49,"red","KO/TKO"
"413","Cortney Casey","Claudia Gadelha",175,249,"red","DEC"
"414","Hans Stringer","Ilir Latifi",77,18,"red","KO/TKO"
"415","Clay Guida","Brian Ortega",105,73,"red","KO/TKO"
"416","Hacran Dias","Darren Elkins",31,68,"blue","DEC"
"417","Chas Skelly","Sean Soriano",21,19,"blue","DEC"
"418","Chico Camus","Kyoji Horiguchi",156,162,"red","DEC"
"419","Kailin Curran","Alex Chambers",0,12,"red","SUB"
"420","Jared Cannonier","Ion Cutelaba",27,113,"blue","DEC"
"421","Tom Breese","Cathal Pendred",0,177,"blue","KO/TKO"
"422","Viviane Pereira","Valerie Letourneau",0,348,"blue","DEC"
"423","Tony Ferguson","Edson Barboza",175,187,"blue","SUB"
"424","Gegard Mousasi","Chris Weidman",329,136,"blue","KO/TKO"
"425","Tom Lawlor","Gian Villante",0,126,"blue","KO/TKO"
"426","James Vick","Glaico Franca",127,20,"blue","DEC"
"427","Marc Diakiese","Lukasz Sajewski",0,40,"blue","KO/TKO"
"428","Leandro Silva","Francisco Trinaldo",0,68,"red","DEC"
"429","Tim Boetsch","Thales Leites",15,23,"red","SUB"
"430","Jordan Johnson","Henrique da Silva",0,141,"blue","DEC"
"431","Raphael Assuncao","TJ Dillashaw",75,453,"red","DEC"
"432","Josh Copeland","Jared Rosholt",20,77,"red","KO/TKO"
"433","Bradley Scott","Dylan Andrews",41,4,"blue","SUB"
"434","Al Iaquinta","Jorge Masvidal",245,189,"blue","DEC"
"435","Jimi Manuwa","Anthony Johnson",56,113,"red","KO/TKO"
"436","Sam Alvey","Tom Watson",0,50,"red","DEC"
"437","Katlyn Chookagian","Lauren Murphy",0,189,"blue","DEC"
"438","Chris Dempsey","Scott Askham",45,54,"red","KO/TKO"
"439","Jim Miller","Dustin Poirier",218,148,"red","DEC"
"440","Sam Sicilia","Gabriel Benitez",109,94,"red","SUB"
"441","Alan Jouban","Gunnar Nelson",371,64,"red","SUB"
"442","Cody Pfister","Yosdenis Cedeno",12,56,"blue","DEC"
"443","Bobby Green","Josh Thomson",0,9,"blue","DEC"
"444","Glover Teixeira","Anthony Johnson",185,149,"red","KO/TKO"
"445","JJ Aldrich","Juliana Lima",0,136,"red","DEC"
"446","Matt Hobar","Sergio Pettis",70,103,"red","DEC"
"447","Joe Riggs","Patrick Cote",2,86,"red","DEC"
"448","Joanna Jedrzejczyk","Carla Esparza",102,42,"blue","KO/TKO"
"449","Gasan Umalatov","Cathal Pendred",58,11,"red","DEC"
"450","Piotr Hallmann","Alex Oliveira",137,43,"red","KO/TKO"
"451","Stevie Ray","Alan Patrick",98,65,"red","DEC"
"452","Myles Jury","Donald Cerrone",10,152,"red","DEC"
"453","Sam Stout","Ross Pearson",5,46,"red","KO/TKO"
"454","Rin Nakai","Miesha Tate",0,27,"red","DEC"
"455","Joe Merritt","Alex Oliveira",0,32,"red","DEC"
"456","Mark Hunt","Stipe Miocic",42,115,"red","KO/TKO"
"457","Kenny Robertson","Roan Carneiro",184,1,"red","DEC"
"458","Tiago Trator","Clay Collard",69,164,"blue","DEC"
"459","Daniel Cormier","Anthony Johnson",119,90,"blue","SUB"
"460","Jason Knight","Jim Alers",28,94,"blue","DEC"
"461","Alexander Volkov","Tim Johnson",0,45,"blue","DEC"
"462","Levan Makashvili","Damon Jackson",64,25,"draw",""
"463","Corey Anderson","Jan Blachowicz",0,57,"blue","DEC"
"464","Keita Nakamura","Kyle Noke",6,132,"blue","SUB"
"465","Alex Caceres","Francisco Rivera",97,56,"red","KO/TKO"
"466","Chris Beal","Neil Seery",70,107,"red","DEC"
"467","Conor McGregor","Eddie Alvarez",297,166,"blue","KO/TKO"
"468","Alexis Davis","Ronda Rousey",53,14,"red","KO/TKO"
"469","Joshua Sampo","Justin Scoggins",3,98,"red","DEC"
"470","John Dodson","Demetrious Johnson",52,147,"red","DEC"
"471","Paul Craig","Tyson Pedro",31,4,"red","KO/TKO"
"472","Marcelo Guimaraes","Vitor Miranda",78,92,"red","KO/TKO"
"473","Christian Colombo","Jarjis Danho",0,38,"draw",""
"474","Cynthia Calvillo","Amanda Cooper",0,70,"blue","SUB"
"475","Jordan Mein","Mike Pyle",46,56,"blue","KO/TKO"
"476","Stevie Ray","Ross Pearson",100,335,"blue","DEC"
"477","Yancy Medeiros","Francisco Trinaldo",152,277,"red","DEC"
"478","Larissa Pacheco","Jessica Andrade",0,66,"red","SUB"
"479","Jack Hermansson","Scott Askham",0,61,"blue","DEC"
"480","Marlon Vera","Brad Pickett",84,202,"blue","KO/TKO"
"481","Jenel Lausa","Yao Zhikui",0,36,"blue","DEC"
"482","Marcin Held","Diego Sanchez",0,6,"red","DEC"
"483","Joey Gomez","Jose Quinonez",0,40,"red","DEC"
"484","Justin Scoggins","Ray Borg",162,59,"blue","DEC"
"485","Frankie Saenz","Iuri Alcantara",0,74,"blue","DEC"
"486","Eric Spicely","Thiago Santos",7,147,"blue","SUB"
"487","Sean Spencer","Paulo Thiago",58,42,"blue","DEC"
"488","Robert Peralta","Clay Guida",51,75,"red","DEC"
"489","Luke Rockhold","Chris Weidman",65,79,"blue","KO/TKO"
"490","Josh Samman","Eddie Gordon",0,22,"blue","KO/TKO"
"491","Mark Hunt","Fabricio Werdum",32,74,"red","KO/TKO"
"492","Jake Ellenberger","Matt Brown",89,176,"blue","KO/TKO"
"493","Naoyuki Kotani","Yan Cabral",8,23,"red","SUB"
"494","Sultan Aliev","Bojan Velickovic",8,62,"blue","DEC"
"495","Zach Makovsky","John Dodson",25,27,"red","DEC"
"496","Alex Oliveira","Donald Cerrone",85,321,"red","SUB"
"497","Danny Mitchell","Sai Wang",18,31,"red","DEC"
"498","Alex White","Tony Martin",198,109,"red","DEC"
"499","Kelly Faszholz","Lauren Murphy",0,94,"red","KO/TKO"
"500","Lucas Martins","Darren Elkins",53,21,"red","DEC"
"501","Andre Fili","Hacran Dias",143,133,"blue","DEC"
"502","Yoel Romero","Tim Kennedy",91,25,"blue","KO/TKO"
"503","Thiago Alves","Jim Miller",173,190,"red","DEC"
"504","Drew Dober","Jamie Varner",49,43,"blue","SUB"
"505","Alessio Di Chirico","Eric Spicely",126,12,"red","SUB"
"506","Benson Henderson","Donald Cerrone",76,189,"red","DEC"
"507","Sergio Pettis","Yaotzin Meza",49,12,"blue","DEC"
"508","Chris Clements","Nordine Taleb",25,48,"red","DEC"
"509","Nico Musoke","Kelvin Gastelum",45,59,"red","DEC"
"510","Anton Zafir","James Moontasri",0,73,"red","KO/TKO"
"511","Horacio Gutierrez","Teruto Ishihara",10,27,"red","KO/TKO"
"512","Mitch Clarke","Al Iaquinta",0,49,"blue","SUB"
"513","Alptekin Ozkilic","John Lineker",60,27,"red","KO/TKO"
"514","Cathal Pendred","Augusto Montano",115,30,"blue","DEC"
"515","Kyung Ho Kang","Michinori Tanaka",65,21,"blue","DEC"
"516","Augusto Mendes","Cody Garbrandt",0,64,"red","KO/TKO"
"517","Rogerio Nogueira","Ryan Bader",30,110,"red","KO/TKO"
"518","Bojan Velickovic","Michael Graves",45,38,"draw",""
"519","Beneil Dariush","Diego Ferreira",44,32,"blue","DEC"
"520","Joe Riggs","Chris Camozzi",58,203,"red","KO/TKO"
"521","Thiago Tavares","Clay Guida",57,102,"blue","SUB"
"522","Leon Edwards","Claudio Silva",0,36,"red","DEC"
"523","Lorenz Larkin","Neil Magny",281,459,"blue","KO/TKO"
"524","Ray Borg","Dustin Ortiz",0,35,"red","DEC"
"525","Matt Dwyer","Albert Tumenov",0,38,"red","KO/TKO"
"526","David Michaud","Olivier Aubin-Mercier",77,76,"red","SUB"
"527","Valentina Shevchenko","Amanda Nunes",32,63,"red","DEC"
"528","Jan Blachowicz","Jimi Manuwa",13,13,"red","DEC"
"529","Albert Tumenov","Nico Musoke",42,151,"blue","DEC"
"530","Ryan Bader","Anthony Johnson",97,138,"red","KO/TKO"
"531","Edson Barboza","Bobby Green",38,59,"blue","DEC"
"532","Rashid Magomedov","Beneil Dariush",0,278,"red","DEC"
"533","Thibault Gouti","Chad Laprise",29,276,"red","KO/TKO"
"534","Tim Means","Marcio Alexandre Junior",115,8,"blue","DEC"
"535","Marcin Tybura","Viktor Pesta",48,69,"blue","KO/TKO"
"536","Patrick Cote","Thiago Alves",255,209,"red","DEC"
"537","Mickael Lebout","Stevie Ray",90,50,"red","DEC"
"538","Jocelyn Jones-Lybarger","Randa Markos",29,107,"red","DEC"
"539","Darren Elkins","Mirsad Bektic",282,104,"blue","KO/TKO"
"540","Akbarh Arreola","Yves Edwards",30,27,"blue","SUB"
"541","Ricardo Lamas","Max Holloway",81,509,"red","DEC"
"542","Ryan Bader","Phil Davis",19,72,"blue","DEC"
"543","Jason Gonzalez","Drew Dober",0,112,"red","KO/TKO"
"544","Felipe Arantes","Erik Perez",75,95,"red","DEC"
"545","Clay Collard","Alex White",70,62,"blue","DEC"
"546","Santiago Ponzinibbio","Nordine Taleb",177,127,"blue","DEC"
"547","Henrique da Silva","Jonathan Wilson",0,4,"blue","KO/TKO"
"548","Levan Makashvili","Hacran Dias",27,61,"red","DEC"
"549","Russell Doane","Mirsad Bektic",112,100,"red","SUB"
"550","Jonathan Wilson","Chris Dempsey",0,45,"blue","KO/TKO"
"551","Hector Lombard","Dan Henderson",0,48,"red","KO/TKO"
"552","Tyson Pedro","Khalil Rountree",0,14,"blue","SUB"
"553","Felice Herrig","Alexa Grasso",21,65,"blue","DEC"
"554","Sean Strickland","Igor Araujo",68,20,"blue","DEC"
"555","Ryan LaFlare","Demian Maia",64,80,"red","DEC"
"556","Sean O'Connell","Anthony Perosh",190,11,"blue","KO/TKO"
"557","Mike Perry","Alan Jouban",121,302,"red","DEC"
"558","Lucas Martins","Rob Whiteford",86,69,"blue","DEC"
"559","Derek Brunson","Robert Whittaker",118,300,"red","KO/TKO"
"560","Roan Carneiro","Mark Munoz",0,3,"blue","SUB"
"561","Johnny Eduardo","Eddie Wineland",0,54,"blue","KO/TKO"
"562","Lorenz Larkin","John Howard",75,77,"blue","KO/TKO"
"563","Alan Jouban","Seth Baczynski",0,90,"blue","KO/TKO"
"564","Matt Dwyer","William Patolino",0,24,"blue","KO/TKO"
"565","Ryan Jimmo","Francimar Barroso",35,36,"red","DEC"
"566","Islam Makhachev","Nik Lentz",48,149,"blue","DEC"
"567","Chris Camozzi","Rafael Natal",42,35,"red","DEC"
"568","Joby Sanchez","Wilson Reis",0,23,"red","DEC"
"569","Justin Salas","Jason Saggo",55,39,"red","KO/TKO"
"570","Mike Easton","Yves Jabouin",46,33,"red","DEC"
"571","Rashad Evans","Ryan Bader",0,45,"red","DEC"
"572","Vagner Rocha","Jake Matthews",0,60,"red","SUB"
"573","BJ Penn","Yair Rodriguez",13,233,"red","KO/TKO"
"574","Krzysztof Jotko","Tamdan McCrory",134,39,"blue","KO/TKO"
"575","Gerald Meerschaert","Joe Gigliotti",0,15,"blue","SUB"
"576","Clint Hester","Robert Whittaker",112,85,"red","KO/TKO"
"577","Sergio Pettis","Chris Cariaso",220,165,"blue","DEC"
"578","Santiago Ponzinibbio","Court McGee",81,58,"blue","KO/TKO"
"579","Omari Akhmedov","Kyle Noke",156,176,"blue","DEC"
"580","Sean Spencer","Yancy Medeiros",223,203,"red","SUB"
"581","Wilson Reis","Demetrious Johnson",172,236,"red","SUB"
"582","Myles Jury","Charles Oliveira",25,52,"red","SUB"
"583","Leon Edwards","Seth Baczynski",33,115,"blue","KO/TKO"
"584","Jeremy Stephens","Max Holloway",119,452,"red","DEC"
"585","Mike Perry","Hyun Gyu Lim",0,84,"blue","KO/TKO"
"586","Jerrod Sanders","Felipe Arantes",18,72,"red","SUB"
"587","Alex Oliveira","KJ Noons",29,25,"blue","SUB"
"588","Lando Vannata","John Makdessi",40,378,"blue","KO/TKO"
"589","Josh Samman","Tim Boetsch",33,71,"red","KO/TKO"
"590","Dennis Siver","Conor McGregor",33,27,"red","KO/TKO"
"591","Nate Marquardt","Brad Tavares",17,90,"red","DEC"
"592","Urijah Faber","Frankie Edgar",47,129,"red","DEC"
"593","Chas Skelly","Kevin Souza",76,84,"blue","SUB"
"594","Bartosz Fabinski","Hector Urbina",0,4,"blue","DEC"
"595","Gunnar Nelson","Albert Tumenov",35,224,"blue","SUB"
"596","Sean O'Connell","Ilir Latifi",210,25,"red","KO/TKO"
"597","Ben Nguyen","Alptekin Ozkilic",0,148,"blue","KO/TKO"
"598","Islam Makhachev","Adriano Martins",32,34,"red","KO/TKO"
"599","Johnny Case","Jake Matthews",186,152,"red","SUB"
"600","Matheus Nicolau","John Moraga",46,153,"blue","DEC"
"601","Dominic Waters","Leon Edwards",13,98,"red","DEC"
"602","Nina Ansaroff","Juliana Lima",0,48,"red","DEC"
"603","Nate Diaz","Michael Johnson",13,170,"blue","DEC"
"604","Dan Henderson","Michael Bisping",61,324,"red","DEC"
"605","Kevin Lee","Jesse Ronson",39,53,"blue","DEC"
"606","Gilbert Melendez","Edson Barboza",64,301,"red","DEC"
"607","Andre Fili","Gabriel Benitez",116,83,"blue","KO/TKO"
"608","Edson Barboza","Anthony Pettis",228,120,"blue","DEC"
"609","Ildemar Alcantara","Kenny Robertson",50,9,"red","DEC"
"610","Teemu Packalen","Marc Diakiese",41,57,"red","KO/TKO"
"611","Andre Fili","Yair Rodriguez",132,142,"red","KO/TKO"
"612","Chad Mendes","Frankie Edgar",109,177,"red","KO/TKO"
"613","Charles Rosa","Shane Burgos",190,73,"red","KO/TKO"
"614","Adriano Martins","Rustam Khabilov",22,34,"blue","DEC"
"615","Raquel Pennington","Miesha Tate",276,191,"blue","DEC"
"616","Phillipe Nover","Zubaira Tukhugov",0,75,"red","DEC"
"617","Mike Perry","Danny Roberts",31,66,"blue","KO/TKO"
"618","Jeremy Stephens","Frankie Edgar",221,239,"red","DEC"
"619","Stephen Thompson","Tyron Woodley",193,88,"draw",""
"620","Jared Rosholt","Soa Palelei",34,5,"blue","DEC"
"621","Oluwale Bamgbose","Uriah Hall",0,112,"red","KO/TKO"
"622","Katsunori Kikuno","Kevin Souza",77,79,"red","KO/TKO"
"623","Chas Skelly","Darren Elkins",83,145,"red","DEC"
"624","Dominique Steele","Danny Roberts",2,6,"red","DEC"
"625","Germaine de Randamie","Larissa Pacheco",0,6,"blue","KO/TKO"
"626","Desmond Green","Josh Emmett",0,141,"blue","DEC"
"627","Holly Holm","Ronda Rousey",44,47,"blue","KO/TKO"
"628","Josh Shockley","Ivan Jorge",6,63,"red","DEC"
"629","Alexis Davis","Sara McMann",89,109,"red","SUB"
"630","Rin Nakai","Leslie Smith",16,143,"red","DEC"
"631","Roger Narvaez","Elias Theodorou",51,116,"red","KO/TKO"
"632","Josh Emmett","Jon Tuck",0,59,"blue","DEC"
"633","Valentina Shevchenko","Sarah Kaufman",0,267,"blue","DEC"
"634","Michael Bisping","Luke Rockhold",92,22,"red","SUB"
"635","Shane Campbell","Erik Koch",151,25,"red","SUB"
"636","Gian Villante","Anthony Perosh",157,14,"blue","KO/TKO"
"637","Tatsuya Kawajiri","Dennis Siver",51,65,"blue","DEC"
"638","Thiago Santos","Elias Theodorou",74,155,"blue","DEC"
"639","Roger Narvaez","Luke Barnatt",3,89,"blue","DEC"
"640","CB Dollaway","Lyoto Machida",56,42,"red","KO/TKO"
"641","Luke Sanders","Iuri Alcantara",26,225,"red","SUB"
"642","Taylor Lapilus","Erik Perez",111,10,"red","DEC"
"643","Zak Cummings","Santiago Ponzinibbio",116,119,"red","DEC"
"644","Seohee Ham","Bec Rawlings",129,21,"red","DEC"
"645","Yao Zhikui","Nolan Ticman",27,3,"blue","DEC"
"646","Kelvin Gastelum","Johny Hendricks",264,208,"blue","DEC"
"647","Jack Hermansson","Cezar Ferreira",88,99,"red","SUB"
"648","Abel Trujillo","Tony Ferguson",18,61,"red","SUB"
"649","Steve Kennedy","Peter Sobotta",0,47,"red","SUB"
"650","Joachim Christensen","Henrique da Silva",0,81,"red","SUB"
"651","Raquel Pennington","Bethe Correia",168,191,"blue","DEC"
"652","Brian Ebersole","John Howard",0,35,"blue","DEC"
"653","Mike de la Torre","Godofredo Pepey",127,34,"red","SUB"
"654","Chico Camus","Brad Pickett",37,71,"blue","DEC"
"655","Reza Madadi","Joe Duffy",60,3,"red","DEC"
"656","Dominique Steele","Court McGee",36,93,"red","DEC"
"657","Chris Gruetzemacher","Chas Skelly",103,111,"red","SUB"
"658","Tom Watson","Chris Camozzi",164,116,"red","DEC"
"659","Nate Diaz","Rafael dos Anjos",0,74,"red","DEC"
"660","Stefan Struve","Antonio Silva",128,32,"blue","KO/TKO"
"661","Anna Elmose","Germaine de Randamie",0,29,"red","KO/TKO"
"662","Holly Holm","Raquel Pennington",0,87,"blue","DEC"
"663","Wilson Reis","Scott Jorgensen",45,46,"blue","SUB"
"664","Thibault Gouti","Teemu Packalen",0,35,"red","SUB"
"665","Ericka Almeida","Juliana Lima",0,69,"red","DEC"
"666","Max Griffin","Erick Montano",13,70,"blue","KO/TKO"
"667","Anthony Johnson","Daniel Cormier",153,253,"red","SUB"
"668","Shane Campbell","John Makdessi",0,61,"red","KO/TKO"
"669","Todd Duffee","Frank Mir",8,13,"red","KO/TKO"
"670","Akbarh Arreola","Jake Matthews",76,90,"red","KO/TKO"
"671","Eddie Alvarez","Rafael Dos Anjos",121,243,"blue","KO/TKO"
"672","Siyar Bahadurzada","Brandon Thatch",0,44,"blue","SUB"
"673","Brad Pickett","Francisco Rivera",144,77,"blue","DEC"
"674","Thales Leites","Michael Bisping",43,183,"red","DEC"
"675","Leandro Silva","Rustam Khabilov",165,135,"red","DEC"
"676","Brian Ortega","Diego Brandao",44,35,"blue","SUB"
"677","Pedro Munhoz","Russell Doane",92,94,"blue","SUB"
"678","Dong Hyun Kim","Tyron Woodley",27,40,"red","KO/TKO"
"679","Matt Mitrione","Gabriel Gonzaga",31,29,"blue","KO/TKO"
"680","Chris Kelades","Ray Borg",50,14,"red","SUB"
"681","Jason Knight","Alex Caceres",163,294,"blue","SUB"
"682","Michel Prazeres","Gilbert Burns",101,99,"blue","DEC"
"683","Stipe Miocic","Fabricio Werdum",209,191,"blue","KO/TKO"
"684","Amanda Nunes","Miesha Tate",102,188,"blue","SUB"
"685","Kevin Lee","Jake Matthews",233,188,"blue","KO/TKO"
"686","Ryan Benoit","Brandon Moreno",60,8,"red","DEC"
"687","Mike de la Torre","Yui Chul Nam",80,77,"blue","DEC"
"688","Robert Whittaker","Brad Tavares",134,140,"blue","KO/TKO"
"689","Amanda Cooper","Anna Elmose",1,6,"blue","DEC"
"690","Tom Breese","Sean Strickland",55,223,"red","DEC"
"691","Ketlen Vieira","Ashlee Evans-Smith",13,84,"blue","DEC"
"692","Sam Sicilia","Akira Corassani",87,35,"blue","KO/TKO"
"693","Alexander Yakovlev","Gray Maynard",66,15,"blue","DEC"
"694","Bethe Correia","Ronda Rousey",182,28,"red","KO/TKO"
"695","Nate Marquardt","Kelvin Gastelum",47,174,"red","KO/TKO"
"696","Cristina Stanciu","Cortney Casey",39,135,"red","KO/TKO"
"697","Henry Cejudo","Joseph Benavidez",233,271,"red","DEC"
"698","Danny Martinez","Richie Vaculik",139,101,"blue","DEC"
"699","Ernest Chavez","Zubaira Tukhugov",82,35,"red","KO/TKO"
"700","Rodrigo de Lima","Neil Magny",0,100,"red","KO/TKO"
"701","Jon Delos Reyes","Neil Seery",45,184,"red","SUB"
"702","Jim Alers","Chas Skelly",36,34,"red","KO/TKO"
"703","Miesha Tate","Holly Holm",163,82,"blue","SUB"
"704","Shane Burgos","Tiago Trator",0,121,"blue","DEC"
"705","Sirwan Kakai","Frankie Saenz",52,44,"red","DEC"
"706","Lorenz Larkin","Costas Philippou",39,4,"red","KO/TKO"
"707","Albert Morales","Thomas Almeida",79,209,"red","KO/TKO"
"708","Damian Grabowski","Anthony Hamilton",1,145,"red","KO/TKO"
"709","Erick Silva","Neil Magny",59,353,"red","DEC"
"710","Rafael dos Anjos","Anthony Pettis",151,30,"blue","DEC"
"711","James Krause","Daron Cruickshank",167,171,"blue","SUB"
"712","Aljamain Sterling","Takeya Mizugaki",108,37,"blue","SUB"
"713","Sam Alvey","Cezar Ferreira",88,23,"blue","KO/TKO"
"714","Zak Ottow","Sergio Moraes",65,100,"red","DEC"
"715","Rustam Khabilov","Benson Henderson",0,29,"red","SUB"
"716","Anthony Johnson","Alexander Gustafsson",60,21,"blue","KO/TKO"
"717","Urijah Faber","Dominick Cruz",151,83,"red","DEC"
"718","Donald Cerrone","Rick Story",398,127,"blue","KO/TKO"
"719","Ricardo Lamas","Chad Mendes",73,51,"red","KO/TKO"
"720","Wilson Reis","Dustin Ortiz",86,249,"blue","DEC"
"721","Roan Carneiro","Derek Brunson",1,88,"red","KO/TKO"
"722","Rustam Khabilov","Norman Parke",52,186,"blue","DEC"
"723","Brendan O'Reilly","Dong Hyun Kim",65,83,"red","DEC"
"724","James Vick","Beneil Dariush",221,232,"red","KO/TKO"
"725","Shane Howell","Ray Borg",0,12,"red","SUB"
"726","Cody Pfister","Sage Northcutt",27,21,"red","SUB"
"727","Dooho Choi","Cub Swanson",4,291,"red","DEC"
"728","Ashlee Evans-Smith","Raquel Pennington",0,82,"red","SUB"
"729","Carlos Condit","Robbie Lawler",88,244,"red","DEC"
"730","Cody Pfister","James Moontasri",0,35,"red","SUB"
"731","Adriano Martins","Leonardo Santos",37,106,"red","DEC"
"732","Travis Browne","Cain Velasquez",127,88,"red","KO/TKO"
"733","Chris Camozzi","Thales Leites",257,106,"red","SUB"
"734","Patrick Cote","Donald Cerrone",209,325,"red","KO/TKO"
"735","Walt Harris","Soa Palelei",0,16,"red","KO/TKO"
"736","Dustin Ortiz","Zach Makovsky",307,88,"blue","DEC"
"737","Jan Blachowicz","Patrick Cummins",203,283,"red","DEC"
"738","James Krause","Jorge Masvidal",22,120,"red","DEC"
"739","Jorge Masvidal","Daron Cruickshank",69,70,"blue","DEC"
"740","Richard Walsh","Kiichi Kunimoto",71,17,"red","DEC"
"741","Aaron Phillips","Sam Sicilia",0,14,"red","DEC"
"742","Steve Kennedy","Richard Walsh",3,140,"red","DEC"
"743","Lewis Gonzalez","Leandro Silva",0,55,"red","DEC"
"744","Sean O'Connell","Steve Bosse",211,5,"red","DEC"
"745","Chase Sherman","Walt Harris",59,86,"red","KO/TKO"
"746","Chris Wade","Zhang Lipeng",0,29,"blue","DEC"
"747","Justin Scoggins","John Moraga",85,51,"red","SUB"
"748","Albert Morales","Alejandro Perez",0,125,"draw",""
"749","Andrew Holbrook","Jake Matthews",22,193,"blue","DEC"
"750","Charlie Brenneman","Leandro Silva",18,26,"red","SUB"
"751","Cezar Ferreira","Oluwale Bamgbose",43,15,"blue","DEC"
"752","Brendan O'Reilly","Vik Grujic",15,26,"blue","DEC"
"753","Jorge Masvidal","Jake Ellenberger",499,110,"blue","KO/TKO"
"754","Sean Strickland","Alex Garcia",139,90,"blue","KO/TKO"
"755","Abel Trujillo","Gleison Tibau",33,114,"blue","SUB"
"756","Valerie Letourneau","Joanna Jedrzejczyk",211,281,"red","DEC"
"757","Sultan Aliev","Kenny Robertson",0,79,"red","KO/TKO"
"758","Al Iaquinta","Ross Pearson",155,26,"blue","KO/TKO"
"759","Gina Mazany","Sara McMann",0,123,"red","SUB"
"760","Marion Reneau","Bethe Correia",48,306,"draw",""
"761","Brandon Thatch","Gunnar Nelson",36,29,"red","SUB"
"762","Ronda Rousey","Amanda Nunes",64,142,"red","KO/TKO"
"763","Cody East","Walt Harris",0,22,"red","KO/TKO"
"764","Derrick Lewis","Shawn Jordan",82,47,"red","KO/TKO"
"765","Ed Herman","Nikita Krylov",98,58,"red","KO/TKO"
"766","Daron Cruickshank","Paul Felder",177,191,"red","SUB"
"767","Yuta Sasaki","Roland Delorme",0,2,"blue","SUB"
"768","Nate Diaz","Conor McGregor",166,142,"blue","SUB"
"769","Jocelyn Jones-Lybarger","Tecia Torres",0,128,"red","DEC"
"770","Colby Covington","Mike Pyle",34,58,"blue","DEC"
"771","Chris Dempsey","Eddie Gordon",1,30,"blue","DEC"
"772","Tim Means","Hernani Perpetuo",30,21,"blue","DEC"
"773","Noad Lahat","Steven Siler",11,11,"blue","DEC"
"774","Iuri Alcantara","Vaughan Lee",42,142,"blue","KO/TKO"
"775","Sam Sicilia","Katsunori Kikuno",51,45,"red","SUB"
"776","Francisco Rivera","Urijah Faber",41,28,"red","SUB"
"777","Andrew Holbrook","Gregor Gillespie",52,41,"red","KO/TKO"
"778","Tim Means","Matt Brown",229,141,"red","SUB"
"779","Alexander Yakovlev","Zak Cummings",120,151,"red","SUB"
"780","Matt Schnell","Rob Font",0,52,"red","KO/TKO"
"781","Andre Fili","Max Holloway",0,74,"red","SUB"
"782","Steve Bosse","James Te Huna",0,6,"blue","KO/TKO"
"783","Jorge Masvidal","Donald Cerrone",543,506,"blue","KO/TKO"
"784","Derrick Lewis","Roy Nelson",143,142,"blue","DEC"
"785","Kyle Bochniak","Enrique Barzola",52,38,"blue","DEC"
"786","Paul Felder","Edson Barboza",84,123,"red","DEC"
"787","Tim Means","George Sullivan",181,104,"blue","SUB"
"788","Ashley Yoder","Justine Kish",0,72,"red","DEC"
"789","Michael McBride","Nik Lentz",0,111,"red","KO/TKO"
"790","John Lineker","TJ Dillashaw",371,517,"red","DEC"
"791","Anthony Njokuani","Daron Cruickshank",24,89,"red","DEC"
"792","Diego Brandao","Katsunori Kikuno",21,78,"blue","KO/TKO"
"793","Alex Caceres","Yair Rodriguez",268,167,"red","DEC"
"794","Tim Elliott","Louis Smolka",21,382,"blue","DEC"
"795","Jake Ellenberger","Tarec Saffiedine",59,117,"red","DEC"
"796","Tatsuya Kawajiri","Dennis Bermudez",101,145,"red","DEC"
"797","Lorenz Larkin","Jorge Masvidal",237,338,"blue","DEC"
"798","Mirsad Bektic","Lucas Martins",61,79,"blue","KO/TKO"
"799","Minotauro Nogueira","Stefan Struve",12,2,"red","DEC"
"800","Patrick Cummins","Glover Teixeira",238,125,"red","KO/TKO"
"801","Tony Sims","Abel Trujillo",33,33,"red","SUB"
"802","Willie Gates","Darrell Montague",22,26,"blue","KO/TKO"
"803","Eddie Gordon","Antonio Carlos Junior",67,31,"red","SUB"
"804","Elizeu Zaleski dos Santos","Keita Nakamura",129,47,"blue","DEC"
"805","Danielle Taylor","Maryna Moroz",0,102,"red","DEC"
"806","TJ Dillashaw","Renan Barao",117,17,"blue","KO/TKO"
"807","Junior Dos Santos","Ben Rothwell",79,17,"blue","DEC"
"808","Colby Covington","Warlley Alves",60,83,"red","SUB"
"809","Daniel Omielanczuk","Stefan Struve",164,141,"red","SUB"
"810","Alistair Overeem","Stipe Miocic",216,229,"red","KO/TKO"
"811","George Roop","Takeya Mizugaki",63,50,"red","DEC"
"812","Geane Herrera","Ben Nguyen",60,42,"red","DEC"
"813","Pawel Pawlak","Leon Edwards",51,36,"red","DEC"
"814","Luan Chagas","Erick Silva",46,99,"red","SUB"
"815","Kelvin Gastelum","Tim Kennedy",388,55,"blue","KO/TKO"
"816","Zak Cummings","Nicolas Dalby",60,41,"blue","DEC"
"817","Levan Makashvili","Mark Eddiva",0,103,"blue","DEC"
"818","Rony Jason","Dennis Bermudez",38,206,"red","DEC"
"819","Garreth McLellan","Magnus Cedenblad",0,40,"red","KO/TKO"
"820","Mats Nilsson","Omari Akhmedov",25,6,"red","DEC"
"821","Leonardo Mafra","Rick Story",0,45,"red","SUB"
"822","Cody Gibson","Johnny Bedford",18,4,"blue","KO/TKO"
"823","Phillipe Nover","Renan Barao",20,223,"red","DEC"
"824","Ketlen Vieira","Kelly Faszholz",0,76,"blue","DEC"
"825","Ulka Sasaki","Taylor Lapilus",13,80,"red","KO/TKO"
"826","Antonio Carlos Junior","Daniel Kelly",72,63,"red","KO/TKO"
"827","Raquel Pennington","Jessica Andrade",127,135,"blue","SUB"
"828","Bethe Correia","Jessica Eye",257,223,"blue","DEC"
"829","Andrew Holbrook","Ramsey Nijem",0,98,"blue","DEC"
"830","Rob Font","George Roop",0,53,"blue","KO/TKO"
"831","Jim Miller","Donald Cerrone",9,27,"red","KO/TKO"
"832","Konstantin Erokhin","Viktor Pesta",0,26,"red","DEC"
"833","Sergio Pettis","John Moraga",318,184,"blue","DEC"
"834","Aisling Daly","Randa Markos",16,55,"red","DEC"
"835","Davi Ramos","Sergio Moraes",0,135,"red","DEC"
"836","Matt Hobar","Aaron Phillips",7,18,"blue","DEC"
"837","Louis Smolka","Chris Cariaso",92,73,"red","DEC"
"838","Dennis Bermudez","Clay Guida",55,47,"blue","SUB"
"839","Frankie Perez","Johnny Case",0,13,"red","KO/TKO"
"840","Robert Peralta","Rony Jason",0,3,"blue","DEC"
"841","Paul Redmond","Rob Whiteford",2,26,"red","KO/TKO"
"842","Frank Mir","Antonio Silva",3,6,"blue","KO/TKO"
"843","Kevin Lee","Francisco Trinaldo",277,426,"blue","SUB"
"844","Trevor Smith","Andrew Sanchez",197,31,"red","DEC"
"845","Jared Cannonier","Glover Teixeira",86,186,"red","DEC"
"846","Emil Meek","Jordan Mein",0,93,"blue","DEC"
"847","Alessio Di Chirico","Garreth McLellan",65,12,"blue","DEC"
"848","Lukasz Sajewski","Gilbert Burns",26,86,"red","SUB"
"849","Joe Soto","Chris Beal",117,156,"blue","SUB"
"850","Cortney Casey","Seohee Ham",57,58,"red","DEC"
"851","Bojan Mihajlovic","Francis Ngannou",0,36,"red","KO/TKO"
"852","Piotr Hallmann","Gleison Tibau",56,44,"red","DEC"
"853","Leonardo Morales","Jose Quinonez",33,38,"red","SUB"
"854","Christos Giagos","Gilbert Burns",0,62,"red","SUB"
"855","Sam Alvey","Elias Theodorou",96,183,"red","DEC"
"856","Ali Bagautinov","Kyoji Horiguchi",192,312,"red","DEC"
"857","Uriah Hall","Gegard Mousasi",123,133,"blue","KO/TKO"
"858","Chris Cariaso","Demetrious Johnson",137,83,"red","SUB"
"859","Yusuke Kasuya","Nick Hein",0,129,"red","DEC"
"860","Max Holloway","Akira Corassani",268,24,"blue","KO/TKO"
"861","Luke Rockhold","Lyoto Machida",42,54,"blue","SUB"
"862","Louis Gaudinot","Kyoji Horiguchi",2,96,"red","DEC"
"863","Tom Duquesnoy","Patrick Williams",0,22,"blue","KO/TKO"
"864","Iuri Alcantara","Brad Pickett",199,183,"blue","SUB"
"865","Gegard Mousasi","Dan Henderson",73,29,"blue","KO/TKO"
"866","Jan Blachowicz","Ilir Latifi",0,16,"blue","KO/TKO"
"867","Alexander Gustafsson","Daniel Cormier",31,142,"red","DEC"
"868","Roger Zapata","Shinsho Anzai",0,31,"red","KO/TKO"
"869","Damian Stasiak","Davey Grant",16,72,"blue","SUB"
"870","James Krause","Jamie Varner",0,36,"blue","KO/TKO"
"871","Felipe Olivieri","Tony Martin",0,49,"red","SUB"
"872","Fabio Maldonado","Stipe Miocic",132,63,"red","KO/TKO"
"873","Guto Inocente","Derrick Lewis",0,22,"red","KO/TKO"
"874","Robert Whittaker","Uriah Hall",144,141,"blue","DEC"
"875","Andre Soukhamthath","Albert Morales",0,97,"red","DEC"
"876","Mickey Gall","Sage Northcutt",22,88,"blue","SUB"
"877","Ed Herman","Tim Boetsch",51,44,"blue","KO/TKO"
"878","Jake Collier","Vitor Miranda",0,21,"red","KO/TKO"
"879","Kevin Casey","Sam Alvey",116,128,"red","KO/TKO"
"880","Ion Cutelaba","Misha Cirkunov",0,56,"red","SUB"
"881","John Makdessi","Donald Cerrone",108,246,"red","KO/TKO"
"882","Jake Lindsey","Olivier Aubin-Mercier",49,45,"red","SUB"
"883","Alexander Yakovlev","Kamaru Usman",112,63,"red","DEC"
"884","Luis Henrique","Marcin Tybura",51,63,"red","KO/TKO"
"885","Renato Moicano","Jeremy Stephens",92,254,"blue","DEC"
"886","Jack Marshman","Magnus Cedenblad",0,61,"blue","KO/TKO"
"887","Charles Oliveira","Anthony Pettis",57,168,"red","SUB"
"888","Thales Leites","Francis Carmont",5,48,"blue","KO/TKO"
"889","Anthony Smith","Cezar Ferreira",0,69,"red","DEC"
"890","Kevin Lee","Leonardo Santos",159,74,"red","KO/TKO"
"891","Dominic Waters","George Sullivan",0,143,"red","DEC"
"892","Thiago Alves","Carlos Condit",139,13,"red","KO/TKO"
"893","Kajan Johnson","Zhang Lipeng",0,57,"blue","DEC"
"894","Brad Tavares","Tim Boetsch",66,1,"red","KO/TKO"
"895","Bryan Barberena","Joe Ellenberger",0,22,"blue","KO/TKO"
"896","John Lineker","Francisco Rivera",198,61,"blue","SUB"
"897","Yancy Medeiros","Dustin Poirier",66,79,"red","KO/TKO"
"898","Sam Alvey","Nate Marquardt",250,112,"blue","DEC"
"899","Alvaro Herrera","Vicente Luque",4,28,"red","SUB"
"900","Al Iaquinta","Joe Lauzon",186,21,"blue","KO/TKO"
"901","Beneil Dariush","Jim Miller",103,39,"blue","DEC"
"902","Dominic Waters","Dong Hyun Kim",13,29,"red","KO/TKO"
"903","Jeremy Stephens","Dennis Bermudez",81,110,"blue","KO/TKO"
"904","Dustin Ortiz","Justin Scoggins",81,61,"blue","DEC"
"905","Sean O'Connell","Corey Anderson",295,139,"red","KO/TKO"
"906","Tom Watson","Rafael Natal",135,71,"red","DEC"
"907","John Howard","Tim Means",135,245,"red","KO/TKO"
"908","Kelvin Gastelum","Tyron Woodley",142,53,"red","DEC"
"909","Leandro Issa","Taylor Lapilus",112,131,"red","DEC"
"910","Michael Johnson","Dustin Poirier",273,142,"blue","KO/TKO"
"911","Irene Aldana","Leslie Smith",0,207,"red","DEC"
"912","Mike de la Torre","Tiago Trator",63,62,"blue","KO/TKO"
"913","Khalil Rountree Jr.","Daniel Jolly",17,6,"blue","KO/TKO"
"914","Roan Carneiro","Ryan LaFlare",34,136,"red","DEC"
"915","Jimmie Rivera","Iuri Alcantara",111,158,"blue","DEC"
"916","Jessica Eye","Sara McMann",213,87,"red","DEC"
"917","Matthew Lopez","Rani Yahya",0,40,"red","SUB"
"918","Ovince Saint Preux","Glover Teixeira",52,72,"red","SUB"
"919","Jake Ellenberger","Robbie Lawler",0,77,"red","KO/TKO"
"920","Eddie Alvarez","Donald Cerrone",0,64,"red","DEC"
"921","Maximo Blanco","Andy Ogle",44,21,"blue","DEC"
"922","Naoyuki Kotani","Norman Parke",0,37,"red","KO/TKO"
"923","Nate Marquardt","Thiago Santos",81,126,"red","KO/TKO"
"924","Yoel Romero","Jacare Souza",172,54,"blue","DEC"
"925","Maximo Blanco","Chas Skelly",124,110,"red","SUB"
"926","Tim Means","Neil Magny",0,71,"red","DEC"
"927","Norman Parke","Francisco Trinaldo",114,143,"red","DEC"
"928","Vitor Miranda","Chris Camozzi",138,214,"red","DEC"
"929","Michael Johnson","Khabib Nurmagomedov",287,111,"red","SUB"
"930","Neil Magny","Hyun Gyu Lim",310,69,"blue","KO/TKO"
"931","Ruan Potts","Derrick Lewis",10,29,"red","KO/TKO"
"932","Luke Sanders","Maximo Blanco",0,108,"blue","SUB"
"933","CB Dollaway","Francis Carmont",12,19,"blue","DEC"
"934","Conor McGregor","Dustin Poirier",18,45,"blue","KO/TKO"
"935","Bryan Barberena","Warlley Alves",183,85,"blue","DEC"
"936","Christos Giagos","Chris Wade",22,47,"red","DEC"
"937","Jerrod Sanders","Yosdenis Cedeno",0,26,"red","KO/TKO"
"938","Thomas Almeida","Yves Jabouin",120,93,"blue","KO/TKO"
"939","Joe Soto","T.J. Dillashaw",0,201,"red","KO/TKO"
"940","Jimy Hettes","Diego Brandao",34,9,"red","KO/TKO"
"941","Lauren Murphy","Sara McMann",0,13,"red","DEC"
"942","Alexander Yakovlev","Nico Musoke",22,81,"red","DEC"
"943","Douglas Silva de Andrade","Henry Briones",66,67,"blue","KO/TKO"
"944","Rodrigo Damm","Evan Dunham",125,10,"red","DEC"
"945","Chris de la Rocha","Daniel Omielanczuk",0,46,"red","KO/TKO"
"946","Brad Pickett","Urijah Faber",184,193,"red","DEC"
"947","Jessica Andrade","Jessica Penne",176,64,"blue","KO/TKO"
"948","Alan Jouban","Warlley Alves",25,19,"red","DEC"
"949","Michael Johnson","Edson Barboza",48,92,"blue","DEC"
"950","Ben Saunders","Kenny Robertson",8,93,"blue","DEC"
"951","Jeremy Kimball","Marcos Rogerio de Lima",0,31,"red","KO/TKO"
"952","Sam Alvey","Derek Brunson",92,61,"red","KO/TKO"
"953","Andrew Craig","Cezar Ferreira",0,3,"red","DEC"
"954","Makwan Amirkhani","Andy Ogle",0,65,"blue","KO/TKO"
"955","Edson Barboza","Donald Cerrone",0,16,"red","SUB"
"956","Damon Jackson","Yancy Medeiros",0,12,"red","SUB"
"957","Stephen Thompson","Patrick Cote",38,33,"blue","DEC"
"958","Veronica Macedo","Ashlee Evans-Smith",0,11,"red","KO/TKO"
"959","Alexander Yakovlev","George Sullivan",97,197,"blue","KO/TKO"
"960","Niko Price","Brandon Thatch",0,74,"blue","SUB"
"961","Cezar Ferreira","Elias Theodorou",109,220,"red","DEC"
"962","Leandro Issa","Iuri Alcantara",86,105,"red","DEC"
"963","Leon Edwards","Kamaru Usman",72,15,"red","DEC"
"964","Edgar Garcia","Sheldon Westcott",12,30,"red","KO/TKO"
"965","Randa Markos","Carla Esparza",197,74,"blue","DEC"
"966","CB Dollaway","Michael Bisping",56,108,"red","DEC"
"967","Joachim Christensen","Bojan Mihajlovic",50,3,"blue","KO/TKO"
"968","Krzysztof Jotko","Bradley Scott",75,83,"blue","DEC"
"969","Kyoji Horiguchi","Demetrious Johnson",140,110,"red","SUB"
"970","Charles Rosa","Yair Rodriguez",59,34,"red","DEC"
"971","Masanori Kanehara","Rani Yahya",32,16,"red","DEC"
"972","Donald Cerrone","Rafael dos Anjos",317,217,"red","KO/TKO"
"973","Andrei Arlovski","Stipe Miocic",115,198,"red","KO/TKO"
"974","Gegard Mousasi","Vitor Belfort",252,28,"blue","KO/TKO"
"975","Caio Magalhaes","Brad Tavares",28,142,"red","DEC"
"976","Adam Milstead","Chris de la Rocha",0,1,"blue","KO/TKO"
"977","Alex Oliveira","Will Brooks",157,80,"blue","KO/TKO"
"978","Ovince Saint Preux","Jon Jones",133,171,"red","DEC"
"979","Dan Hooker","Yair Rodriguez",0,90,"red","DEC"
"980","Paulo Borrachinha","Garreth McLellan",0,69,"blue","KO/TKO"
"981","Matt Brown","Demian Maia",166,114,"red","SUB"
"982","Beneil Dariush","Daron Cruickshank",76,154,"blue","SUB"
"983","Hector Lombard","Johny Hendricks",23,296,"red","DEC"
"984","Randy Brown","Matt Dwyer",0,42,"blue","DEC"
"985","Louis Smolka","Paddy Holohan",224,106,"blue","SUB"
"986","Willie Gates","Dustin Ortiz",41,157,"red","KO/TKO"
"987","Tateki Matsuda","Chris Beal",0,25,"red","DEC"
"988","Paul Felder","Danny Castillo",51,39,"blue","KO/TKO"
"989","Stephen Thompson","Rory MacDonald",146,230,"blue","DEC"
"990","Derrick Lewis","Matt Mitrione",28,24,"red","KO/TKO"
"991","Jon Delos Reyes","Roldan Sangcha-an",22,36,"blue","SUB"
"992","Erik Perez","Francisco Rivera",41,146,"blue","DEC"
"993","Bobby Green","Dustin Poirier",109,106,"red","KO/TKO"
"994","Colby Covington","Bryan Barberena",107,303,"blue","DEC"
"995","Chris Beal","Chris Kelades",109,54,"red","DEC"
"996","Marcel Fortuna","Anthony Hamilton",0,154,"blue","KO/TKO"
"997","Rick Story","Tarec Saffiedine",69,171,"blue","DEC"
"998","Leonardo Mafra","Stevie Ray",105,31,"red","KO/TKO"
"999","Alex Garcia","Neil Magny",61,130,"red","DEC"
"1000","Alex Morono","Kyle Noke",0,73,"blue","DEC"
"1001","John Howard","Cathal Pendred",87,132,"blue","DEC"
"1002","Henry Cejudo","Jussier Formiga",184,41,"blue","DEC"
"1003","Krzysztof Jotko","Tor Troeng",15,26,"blue","DEC"
"1004","Michelle Waterson","Rose Namajunas",59,157,"red","SUB"
"1005","Shamil Abdurakhimov","Derrick Lewis",47,180,"red","KO/TKO"
"1006","Mirko Cro Cop","Gabriel Gonzaga",0,35,"blue","KO/TKO"
"1007","Gian Villante","Mauricio Rua",259,97,"red","KO/TKO"
"1008","Beneil Dariush","Michael Johnson",130,86,"blue","DEC"
"1009","Stephen Thompson","Johny Hendricks",122,201,"blue","KO/TKO"
"1010","Mitch Gagnon","Renan Barao",47,63,"red","SUB"
"1011","Phil Davis","Glover Teixeira",23,63,"blue","DEC"
"1012","Zach Makovsky","Jussier Formiga",0,9,"red","DEC"
"1013","Akbarh Arreola","Francisco Trinaldo",42,104,"red","DEC"
"1014","Sara McMann","Miesha Tate",51,82,"red","DEC"
"1015","Willie Gates","John Moraga",0,55,"red","SUB"
"1016","Belal Muhammad","Vicente Luque",143,64,"red","KO/TKO"
"1017","Ben Nguyen","Louis Smolka",38,283,"red","KO/TKO"
"1018","Noad Lahat","Niklas Backstrom",50,12,"blue","DEC"
"1019","Alex Garcia","Mike Pyle",113,151,"blue","KO/TKO"
"1020","Chris Camozzi","Jacare Souza",109,48,"red","SUB"
"1021","Viktor Pesta","Aleksei Oleinik",72,8,"red","SUB"
"1022","Dustin Ortiz","Jussier Formiga",294,66,"red","DEC"
"1023","Alistair Overeem","Roy Nelson",99,39,"blue","DEC"
"1024","Alex Nicholson","Misha Cirkunov",0,24,"red","SUB"
"1025","Rashid Magomedov","Bobby Green",41,125,"blue","DEC"
"1026","Fernando Bruno","Gray Maynard",22,36,"red","DEC"
"1027","Christos Giagos","Jorge de Oliveira",4,23,"blue","SUB"
"1028","Chris Avila","Artem Lobov",0,25,"red","DEC"
"1029","Conor McGregor","Nate Diaz",203,243,"blue","DEC"
"1030","Karolina Kowalkiewicz","Randa Markos",0,73,"blue","DEC"
"1031","Karolina Kowalkiewicz","Joanna Jedrzejczyk",269,461,"red","DEC"
"1032","Luan Chagas","Sergio Moraes",0,72,"draw",""
"1033","Danny Castillo","Nik Lentz",95,52,"red","DEC"
"1034","Rafael Natal","Robert Whittaker",237,211,"red","DEC"
"1035","Jason High","Rafael dos Anjos",0,20,"red","KO/TKO"
"1036","Randy Brown","Erick Montano",58,49,"blue","SUB"
"1037","Ray Borg","Jussier Formiga",100,74,"blue","DEC"
"1038","Alberto Uda","Jake Collier",0,37,"red","KO/TKO"
"1039","Volkan Oezdemir","Ovince Saint Preux",0,186,"blue","DEC"
"1040","Ron Stallings","Joe Riggs",60,23,"red","KO/TKO"
"1041","Sabah Homasi","Tim Means",0,282,"red","KO/TKO"
"1042","Reza Madadi","Yan Cabral",33,65,"blue","KO/TKO"
"1043","Robert Whittaker","Jacare Souza",333,130,"blue","KO/TKO"
"1044","Michelle Waterson","Angela Magana",0,37,"blue","SUB"
"1045","Rafael dos Anjos","Benson Henderson",56,66,"blue","KO/TKO"
"1046","Ryan Benoit","Ben Nguyen",28,27,"red","SUB"
"1047","Anthony Pettis","Max Holloway",221,612,"red","KO/TKO"
"1048","Wilson Reis","Jussier Formiga",58,20,"red","DEC"
"1049","Drew Dober","Scott Holtzman",76,71,"blue","DEC"
"1050","James Moontasri","Alex Oliveira",84,99,"red","DEC"
"1051","Jason Knight","Tatsuya Kawajiri",0,73,"red","DEC"
"1052","Cody Garbrandt","Thomas Almeida",75,199,"blue","KO/TKO"
"1053","Justin Scoggins","Pedro Munhoz",219,106,"red","SUB"
"1054","Leonardo Augusto Leleco","Antonio Carlos Junior",0,105,"red","SUB"
"1055","Sean Strickland","Luke Barnatt",20,45,"blue","DEC"
"1056","Scott Askham","Magnus Cedenblad",0,17,"red","DEC"
"1057","Juliana Lima","Carla Esparza",110,46,"red","DEC"
"1058","Tony Martin","Leonardo Santos",35,62,"red","SUB"
"1059","Jon Delos Reyes","Kyoji Horiguchi",9,65,"red","KO/TKO"
"1060","Tatsuya Kawajiri","Cub Swanson",113,224,"red","DEC"
"1061","Charles Oliveira","Hatsu Hioki",23,29,"blue","SUB"
"1062","Frank Mir","Mark Hunt",53,86,"red","KO/TKO"
"1063","Paul Felder","Francisco Trinaldo",278,394,"red","KO/TKO"
"1064","Gadzhimurad Antigulov","Marcos Rogerio de Lima",0,29,"blue","SUB"
"1065","Kajan Johnson","Naoyuki Kotani",20,13,"blue","DEC"
"1066","Germaine de Randamie","Holly Holm",47,140,"blue","DEC"
"1067","David Teymur","Lando Vannata",64,50,"blue","DEC"
"1068","Elizabeth Phillips","Jessamyn Duke",92,78,"blue","DEC"
"1069","Renato Moicano","Tom Niinimaki",0,8,"blue","SUB"
"1070","Rodrigo de Lima","Efrain Escudero",5,43,"red","DEC"
"1071","Tim Means","Alex Oliveira",370,211,"red","SUB"
"1072","Frankie Saenz","Urijah Faber",124,76,"red","DEC"
"1073","Jared Rosholt","Roy Nelson",115,100,"red","DEC"
"1074","Paul Craig","Henrique da Silva",0,125,"blue","SUB"
"1075","Rafael Feijao","Ovince Saint Preux",23,82,"red","DEC"
"1076","Fredy Serrano","Hector Sandoval",22,5,"red","DEC"
"1077","Dileno Lopes","Anthony Birchak",46,47,"red","DEC"
"1078","Emily Peters Kagan","Kailin Curran",0,81,"red","SUB"
"1079","Travis Browne","Fabricio Werdum",133,206,"red","DEC"
"1080","Brian Camozzi","Randy Brown",0,70,"red","KO/TKO"
"1081","Ryan Janes","Gerald Meerschaert",82,14,"red","SUB"
"1082","Sean Soriano","Charles Rosa",43,22,"red","SUB"
"1083","Krzysztof Jotko","Thales Leites",138,142,"blue","DEC"
"1084","Tyron Woodley","Robbie Lawler",80,277,"blue","KO/TKO"
"1085","Teruto Ishihara","Artem Lobov",40,78,"red","DEC"
"1086","Marcin Held","Joe Lauzon",30,186,"red","DEC"
"1087","Beneil Dariush","Ramsey Nijem",9,46,"red","KO/TKO"
"1088","Joby Sanchez","Tateki Matsuda",20,41,"blue","DEC"
"1089","Takanori Gomi","Jim Miller",123,102,"red","KO/TKO"
"1090","Derek Brunson","Uriah Hall",114,186,"blue","KO/TKO"
"1091","Jared Rosholt","Stefan Struve",99,95,"blue","DEC"
"1092","James Moontasri","Kevin Lee",67,150,"red","SUB"
"1093","Thiago Alves","Jordan Mein",116,56,"blue","KO/TKO"
"1094","Brendan Schaub","Travis Browne",30,36,"red","KO/TKO"
"1095","Godofredo Pepey","Darren Elkins",14,249,"red","DEC"
"1096","Mike Wilkinson","Niklas Backstrom",0,5,"blue","KO/TKO"
"1097","Dan Henderson","Daniel Cormier",23,18,"red","SUB"
"1098","Sheldon Westcott","Pawel Pawlak",13,21,"red","DEC"
"1099","Sage Northcutt","Francisco Trevino",0,81,"blue","KO/TKO"
"1100","Johnny Eduardo","Aljamain Sterling",11,140,"red","SUB"
"1101","Cristina Stanciu","Maryna Moroz",0,67,"red","DEC"
"1102","Danny Castillo","Tony Ferguson",16,38,"red","DEC"
"1103","Chan Sung Jung","Dennis Bermudez",0,254,"blue","KO/TKO"
"1104","Kyle Bochniak","Charles Rosa",0,98,"red","DEC"
"1105","Cole Miller","Max Holloway",38,299,"red","DEC"
"1106","Mizuto Hirota","Cole Miller",0,130,"blue","DEC"
"1107","Cody Garbrandt","Dominick Cruz",108,135,"blue","DEC"
"1108","Hector Sandoval","Wilson Reis",0,134,"red","SUB"
"1109","Jon Tuck","Damien Brown",112,37,"red","DEC"
"1110","Dominick Cruz","TJ Dillashaw",26,399,"blue","DEC"
"1111","Frank Mir","Andrei Arlovski",29,76,"red","DEC"
"1112","Geane Herrera","Ali Bagautinov",47,102,"red","DEC"
"1113","Patrick Cummins","Antonio Carlos Junior",113,19,"blue","DEC"
"1114","Joanne Calderwood","Valerie Letourneau",210,268,"blue","KO/TKO"
"1115","Gegard Mousasi","Jacare Souza",47,16,"red","SUB"
